<?xml version="1.0"?>
<!--
** DO NOT EDIT THIS FILE.
** If you make changes to this file while any VirtualBox related application
** is running, your changes will be overwritten later, without taking effect.
** Use VBoxManage or the VirtualBox Manager GUI to make changes.
-->
<VirtualBox xmlns="http://www.virtualbox.org/" version="1.16-linux">
  <Machine uuid="{0ab05358-fdec-457b-ae4e-fdb542c247b4}" name="clientmilani" OSType="Debian_64" stateFile="Snapshots/2019-09-26T10-37-23-221938000Z.sav" currentSnapshot="{220aa02d-decc-4e8b-ab60-48f887ef3052}" snapshotFolder="Snapshots" lastStateChange="2019-09-26T10:37:25Z">
    <MediaRegistry>
      <HardDisks>
        <HardDisk uuid="{6e382988-3beb-4e8f-ab78-7fe0ba48c520}" location="clientmilani.vdi" format="VDI" type="Normal">
          <HardDisk uuid="{a962fa9e-f3bf-447c-8d98-0f653c840b5b}" location="Snapshots/{a962fa9e-f3bf-447c-8d98-0f653c840b5b}.vdi" format="VDI"/>
        </HardDisk>
      </HardDisks>
    </MediaRegistry>
    <ExtraData>
      <ExtraDataItem name="GUI/LastCloseAction" value="SaveState"/>
      <ExtraDataItem name="GUI/LastNormalWindowPosition" value="173,93,802,649"/>
      <ExtraDataItem name="GUI/RestrictedRuntimeDevicesMenuActions" value="HardDrives"/>
      <ExtraDataItem name="GUI/RestrictedRuntimeMachineMenuActions" value="SaveState,PowerOff"/>
      <ExtraDataItem name="GUI/StatusBar/IndicatorOrder" value="HardDisks,OpticalDisks,FloppyDisks,Network,USB,SharedFolders,Display,VideoCapture,Features,Mouse,Keyboard"/>
    </ExtraData>
    <Snapshot uuid="{220aa02d-decc-4e8b-ab60-48f887ef3052}" name="Istantanea 1" timeStamp="2019-09-26T09:58:00Z" stateFile="Snapshots/2019-09-26T09-58-00-422139000Z.sav">
      <Hardware>
        <CPU>
          <PAE enabled="false"/>
          <LongMode enabled="true"/>
          <X2APIC enabled="true"/>
          <HardwareVirtExLargePages enabled="false"/>
        </CPU>
        <Memory RAMSize="1024"/>
        <HID Pointing="USBTablet"/>
        <Boot>
          <Order position="1" device="DVD"/>
          <Order position="2" device="HardDisk"/>
          <Order position="3" device="Floppy"/>
          <Order position="4" device="Network"/>
        </Boot>
        <Display VRAMSize="16"/>
        <BIOS>
          <IOAPIC enabled="true"/>
        </BIOS>
        <USB>
          <Controllers>
            <Controller name="OHCI" type="OHCI"/>
          </Controllers>
        </USB>
        <Network>
          <Adapter slot="0" enabled="true" MACAddress="080027BDD241" type="82540EM">
            <DisabledModes>
              <InternalNetwork name="intnet"/>
              <NATNetwork name="NatNetwork"/>
            </DisabledModes>
            <BridgedInterface name="br0"/>
          </Adapter>
          <Adapter slot="1" type="82540EM"/>
          <Adapter slot="2" type="82540EM"/>
          <Adapter slot="3" type="82540EM"/>
          <Adapter slot="4" type="82540EM"/>
          <Adapter slot="5" type="82540EM"/>
          <Adapter slot="6" type="82540EM"/>
          <Adapter slot="7" type="82540EM"/>
        </Network>
        <AudioAdapter codec="AD1980" driver="Pulse" enabled="true"/>
        <RTC localOrUTC="UTC"/>
        <GuestProperties>
          <GuestProperty name="/VirtualBox/HostInfo/GUI/LanguageID" value="it_IT" timestamp="1569491841770124000" flags="RDONLYGUEST"/>
        </GuestProperties>
      </Hardware>
      <StorageControllers>
        <StorageController name="IDE" type="PIIX4" PortCount="2" useHostIOCache="true" Bootable="true">
          <AttachedDevice passthrough="false" type="DVD" hotpluggable="false" port="1" device="0"/>
        </StorageController>
        <StorageController name="SATA" type="AHCI" PortCount="1" useHostIOCache="false" Bootable="true" IDE0MasterEmulationPort="0" IDE0SlaveEmulationPort="1" IDE1MasterEmulationPort="2" IDE1SlaveEmulationPort="3">
          <AttachedDevice type="HardDisk" hotpluggable="false" port="0" device="0">
            <Image uuid="{6e382988-3beb-4e8f-ab78-7fe0ba48c520}"/>
          </AttachedDevice>
        </StorageController>
      </StorageControllers>
    </Snapshot>
    <Hardware>
      <CPU>
        <PAE enabled="false"/>
        <LongMode enabled="true"/>
        <X2APIC enabled="true"/>
        <HardwareVirtExLargePages enabled="false"/>
      </CPU>
      <Memory RAMSize="1024"/>
      <HID Pointing="USBTablet"/>
      <Boot>
        <Order position="1" device="DVD"/>
        <Order position="2" device="HardDisk"/>
        <Order position="3" device="Floppy"/>
        <Order position="4" device="Network"/>
      </Boot>
      <Display VRAMSize="16"/>
      <BIOS>
        <IOAPIC enabled="true"/>
      </BIOS>
      <USB>
        <Controllers>
          <Controller name="OHCI" type="OHCI"/>
        </Controllers>
      </USB>
      <Network>
        <Adapter slot="0" enabled="true" MACAddress="080027BDD241" type="82540EM">
          <DisabledModes>
            <InternalNetwork name="intnet"/>
            <NATNetwork name="NatNetwork"/>
          </DisabledModes>
          <BridgedInterface name="br0"/>
        </Adapter>
        <Adapter slot="1" type="82540EM"/>
        <Adapter slot="2" type="82540EM"/>
        <Adapter slot="3" type="82540EM"/>
        <Adapter slot="4" type="82540EM"/>
        <Adapter slot="5" type="82540EM"/>
        <Adapter slot="6" type="82540EM"/>
        <Adapter slot="7" type="82540EM"/>
      </Network>
      <AudioAdapter codec="AD1980" driver="Pulse" enabled="true"/>
      <RTC localOrUTC="UTC"/>
      <GuestProperties>
        <GuestProperty name="/VirtualBox/HostInfo/GUI/LanguageID" value="it_IT" timestamp="1569494248580341000" flags=""/>
      </GuestProperties>
    </Hardware>
    <StorageControllers>
      <StorageController name="IDE" type="PIIX4" PortCount="2" useHostIOCache="true" Bootable="true">
        <AttachedDevice passthrough="false" type="DVD" hotpluggable="false" port="1" device="0"/>
      </StorageController>
      <StorageController name="SATA" type="AHCI" PortCount="1" useHostIOCache="false" Bootable="true" IDE0MasterEmulationPort="0" IDE0SlaveEmulationPort="1" IDE1MasterEmulationPort="2" IDE1SlaveEmulationPort="3">
        <AttachedDevice type="HardDisk" hotpluggable="false" port="0" device="0">
          <Image uuid="{a962fa9e-f3bf-447c-8d98-0f653c840b5b}"/>
        </AttachedDevice>
      </StorageController>
    </StorageControllers>
  </Machine>
</VirtualBox>
